PE Ratio,PB Ratio,PS Ratio,ROE,ROA,Debt/Equity,Current Ratio,Profit Margin,Revenue Growth YoY,EPS Growth Next 5Y,Market Cap
17.295145,16.742617,3.0490997,1.086153045288912,0.1046704123607906,312.492,1.657,0.1698067141403865,-0.01,0.221,74742579200.0
17.988981,5.0034485,2.4547403,0.2833023626227767,0.1646913580246913,12.132,1.552,0.1397553757104319,-0.077,-0.181,9372443648.0
16.95675,4.700625,5.299129,0.2811765693185633,0.1646154224089223,31.889,1.241,0.3194755661501788,0.04,0.083,224386334720.0
75.46861,95.73779,5.6639132,1.2866165413533834,0.0316511419714266,2021.968,0.66,0.0759399297049739,0.056,0.0785,319070896128.0
24.023909,6.241914,2.7138677,0.2568092866657527,0.1298852151124028,26.706,1.477,0.1119442655612176,0.054,0.072,182430236672.0
23.853933,11.98917,6.9800715,0.3941864587025877,0.1839232550446576,50.118,1.185,0.2585445245291792,0.103,2.044,153819840512.0
94.47,2.6617265,5.9522514,0.0285054196775986,0.0237049663421257,4.032,2.616,0.0636416521233275,0.242,-0.297,153478807552.0
4.2700424,1.9746342,0.586782,0.4607574094401756,0.0354174577057756,351.227,0.797,0.1367486561329206,-0.002,0.0785,7204508672.0
11.333333,2.2999115,3.1473687,0.2085600429151659,0.0462973989078475,37.796,1.824,0.2845566708490171,0.43,6.544,59570245632.0
24.54587,5.064837,4.6703997,0.2185486605629026,0.1088131014688502,58.736,2.197,0.1980030721966205,0.014,-0.059,30511722496.0
15.54945,3.5832336,4.970018,0.2247057787691133,0.0967337635756268,80.976,1.113,0.3163644777944895,-0.022,0.015,59812675584.0
29.685366,9.01422,6.8116817,0.3147883975273419,0.1263419056252683,27.271,1.691,0.2385155827778778,0.118,0.0785,75623292928.0
24.220182,2.4356492,2.8994792,0.103501650248229,0.0486959658243468,95.003,1.233,0.1265088314999519,0.025,-0.105,11572307968.0
23.9034145,0.88507825,1.2726594,-0.152651580060706,-0.0710098690225181,35.769,1.954,-0.2193292975245493,-0.477,0.0785,6843758592.0
42.922226,0.7437213,4.27896,0.018052895174599,0.0086056742092967,56.93,2.576,0.1036290661578735,0.05,0.0785,13365130240.0
32.788258,3.5327837,3.3734488,0.1093882764340982,0.0678019502461944,3.097,1.223,0.1053665255318063,0.04,-0.147,13490462720.0
20.45601,8.018737,3.1824234,0.398147531152129,0.1331387316725344,143.313,2.041,0.1583956311966491,0.054,0.234,12004737024.0
22.799257,2.247673,3.9573026,0.0985151342090234,0.0303777406005106,151.585,0.436,0.1733232856066315,0.016,0.235,15754020864.0
11.475854,2.6561434,0.80593055,0.2400596677125662,0.0418126271087737,38.943,0.391,0.072791078530765,0.113,0.282,51664986112.0
19.786335,5.9830217,5.585389,0.3079757847202569,0.2223579474787676,8.655,1.837,0.28603671811164,0.118,0.309,1954986721280.0
20.083334,6.0652843,5.5770717,0.3079757847202569,0.2223579474787676,8.655,1.837,0.28603671811164,0.118,0.309,1952075481088.0
8.977064,-44.3429,4.842742,-5.033065236818588,0.3202092276203201,74.726,0.514,0.5509684993152025,0.016,0.539,99005014016.0
33.732365,6.909912,3.1030788,0.2071825715984194,0.0948128802644928,54.342,1.064,0.0928711719718665,0.105,0.846,1979637039104.0
17.25,3.687023,1.0311657,0.1880958515846431,0.0441781650931977,197.441,1.259,0.0535190615835777,-0.003,0.228,13961984000.0
22.380089,2.2039526,3.6488297,0.0975730559683011,0.0265034306471142,153.508,0.663,0.1550570641479732,0.205,0.288,26724030464.0
19.121864,2.1103637,2.8890853,0.1101218090989392,0.02878499776868,170.451,0.445,0.1504515422411301,0.026,0.97,56976519168.0
18.680643,6.0057063,3.0182831,0.3346880782447792,0.0373129105101653,170.351,1.574,0.153588378898846,0.088,0.093,187281457152.0
20.257984,1.175372,1.7808888,-0.0330189788575057,-0.0087030907129839,23.008,0.662,-0.0514775977121067,0.088,11.526,48132079616.0
30.522432,29.14732,9.749068,0.6667257997752942,0.0369203666167846,455.544,0.449,0.2226676672722964,-0.086,13.388,98730770432.0
27.09462,2.7551596,6.0801463,0.1017228029423151,0.0320134023758757,136.702,0.386,0.2243808710503843,0.164,0.391,28479406080.0
14.353012,8.720477,2.533945,0.6505355776587605,0.0187483117699266,70.39,2.601,0.1969995366079703,0.115,1.966,45423501312.0
28.154882,3.995986,5.5595927,0.1425251861567486,0.0940542754991074,24.075,1.24,0.1982550517347194,0.018,0.129,38590132224.0
37.015873,25.565502,4.501444,0.6959332993023651,0.0445344570389485,1035.886,1.257,0.1223671613212063,0.109,-0.187,150456254464.0
36.90777,8.928948,5.4914126,0.2475490196078431,0.1130586468409809,69.096,1.989,0.1592358779979898,0.477,0.333,92131631104.0
62.3738,2.7609956,10.369807,0.0464878969563527,0.0339069338927451,21.725,1.93,0.1734640676929428,-0.036,-0.161,96829390848.0
48.22561,4.549913,10.896504,0.0945859977260927,0.0715018237130765,14.222,3.008,0.2262220858225509,0.096,0.019,27729522688.0
29.203999,12.881996,5.023007,0.4335892827969286,0.0542019810068416,278.258,1.019,0.1690661230730029,0.229,0.331,78851162112.0
7.162996,1.1252595,0.6208464,0.1522727272727272,0.0414646725116039,100.865,1.152,0.0825716339735031,0.245,-0.835,5880656896.0
17.269432,4.7571816,2.9379015,0.2886786502680542,0.0121118300056894,103.066,1.507,0.1752699701309642,-0.526,-0.459,76056395776.0
33.0746,46.951324,7.9092255,1.6459350307287095,0.2568250315085758,145.0,0.923,0.2397125576994386,0.04,0.101,3130155073536.0
19.630064,6.550491,4.414846,0.3777169622651439,0.2085791508035688,35.372,2.675,0.2640933176332057,0.068,-0.398,122004267008.0
7.6578584,1.4712484,0.6408612,0.2031605275125056,0.0761787023616676,97.832,1.525,0.0906508395475067,-0.002,-0.648,12633296896.0
8.267504,1.7271448,1.9929774,0.2157078539269634,0.0608129072292894,13.886,1.073,0.254695806261075,0.144,-0.605,34757525504.0
13.364383,1.0518144,0.27384555,0.0811981234211476,0.0337894914681534,51.438,1.39,0.0210452472816555,-0.064,0.103,23422009344.0
33.762333,9.501514,13.499129,0.2853535841162316,0.2030810341356947,0.597,4.359,0.4072532544659215,0.253,0.295,94536376320.0
51.003075,4.112437,7.758595,0.072577964125338,0.0227639163834211,67.281,1.508,0.1265869890695722,0.114,0.0785,84781268992.0
13.360305,1.9230732,0.8273769,0.148863258072728,0.0217072237483081,42.013,0.437,0.0640033677120606,0.041,0.134,9827169280.0
16.88957,1.9095513,1.6125431,0.1048940328823822,0.0277308476551121,117.856,0.704,0.0894912372482343,0.02,0.296,198236372992.0
22.875359,1.9830103,6.0592403,0.0857808351255491,0.0413938140778143,66.587,1.556,0.2503837162653201,0.015,0.074,25344100352.0
52.96491,22.184029,9.439607,0.149026649026649,0.0558971023661985,97.634,0.676,0.1265088314999519,0.116,0.069,57874227200.0
30.68229,23.601763,6.021275,0.8250505761280675,0.0690179111780687,86.202,0.999,0.2064044801654756,0.081,0.103,119843848192.0
24.224213,-13.560782,3.2338839,-0.5605564999597862,0.1550037033073835,74.726,0.842,0.1439907198749093,0.024,-0.021,60384751616.0
27.201315,2.4596071,9.928334,0.0906109759475934,0.0515217156426462,69.094,0.5,0.3713398200330364,0.054,0.163,29431941120.0
20.002302,6.351331,1.5663825,0.304847986852917,0.0838747293020156,159.369,1.026,0.080507555078406,-0.001,-0.019,13710076928.0
123.31315,19.442726,22.080172,0.1619794944719279,0.084261165497248,31.41,2.303,0.181046479131593,0.336,1.225,45982531584.0
12.416383,2.0932107,1.2942358,0.1763243563184374,0.0776529468498292,35.011,1.337,0.1070466060584282,0.001,-0.111,36028936192.0
36.87591,2.4939528,1.2094775,0.6837256908904811,0.2273655547991831,101.467,0.999,0.3398050021195422,-0.008,0.0785,14265787392.0
11.814926,1.0877811,3.070485,0.0996035242290749,0.0083188232231668,74.726,1.241,0.2662950131027511,0.057,0.184,299227971584.0
23.9034145,2.2311077,1.4665304,-0.0931935669155657,-0.0251726010394849,191.472,1.36,-0.0610191801429108,0.01,0.0785,15598018560.0
34.361343,2.3290918,2.8442225,0.0658580864459809,0.0297629438257165,74.422,1.13,0.0844979680840519,0.098,0.083,58704752640.0
23.9034145,3.1433842,3.01090545,0.149026649026649,0.0558971023661985,74.726,1.241,0.1265088314999519,0.048,0.0785,35235747840.0
15.42056,4.968757,0.33592805,0.4064854241729446,0.0829157479788868,144.836,1.026,0.0285602503912363,-0.048,-0.744,13950419968.0
51.816326,3.8580763,6.712041,0.0812552867535104,0.0621720668953021,19.01,3.936,0.1450356323227443,0.09,0.294,8027708416.0
10.689624,1.0423899,1.8079225,0.0976429767887054,0.0581904004734521,40.181,1.349,0.1686871505493029,0.029,0.063,17493276672.0
22.266342,2.9892046,6.7783566,0.1340983261395936,0.0459474082891461,28.816,1.241,0.3120987896310089,0.116,-0.08,142040465408.0
40.772728,12.594777,13.283577,0.3380905349413399,0.0638720033126389,68.543,1.241,0.2540137998671611,-0.082,-0.283,164354179072.0
12.841762,1.490401,2.9920292,0.1225152129817444,0.0108877480387632,74.726,1.241,0.248110417351298,0.061,0.264,56318963712.0
23.9034145,-39.868805,1.9121761,3.019161982626469,-0.0755741447784962,74.726,1.232,-0.1776538328547589,0.177,0.0785,132789166080.0
27.959059,-39.56866,6.638413,-1.4631840796019902,0.2122852605745633,74.726,1.31,0.2477779181936897,0.144,4.091,157589291008.0
73.824814,6.850447,8.521883,0.0851630684428112,0.0470618098743495,51.029,1.241,0.1107063951752552,0.209,0.364,149593128960.0
23.9034145,6.047696,2.0511897,-0.5477808386899296,-0.0966275390646091,312.772,1.253,-0.1852587991718426,0.075,-0.959,99072458752.0
87.106476,3.1770823,16.223879,0.0871036378143562,0.0355881553925563,166.032,1.004,0.1143017799666498,0.164,1.881,884671840256.0
37.32445,12.503545,4.169707,0.3219572937324171,0.0846962049888382,173.54,1.354,0.1072877604967111,0.131,1.034,27865735168.0
34.034683,5.2459016,7.1632667,0.1546728971962616,0.0563820122643652,63.073,1.097,0.2110520722635494,0.152,-0.219,33753313280.0
23.9034145,3.1433842,3.01090545,0.149026649026649,0.0558971023661985,74.726,1.241,0.1265088314999519,0.048,0.0785,35235747840.0
13.345474,3.1963098,0.83855206,0.2508799083899108,0.1018510101873876,100.846,1.767,0.065723516099395,-0.08,-0.419,13752666112.0
10.112641,1.0919362,0.20382269,0.1146978714818924,0.0456644845174505,65.02,2.146,0.0214092038864201,-0.093,0.04,10824614912.0
733.6666,1.9293479,3.4455223,0.0026364665141782,0.0005471347879124,213.956,1.057,0.0041881387520508,0.045,0.0785,11646964736.0
23.841969,6.341648,0.6138481,0.2704275308919422,0.0879004350004133,101.108,1.277,0.0262731258684083,-0.009,3.741,10880431104.0
73.18961,16.511192,16.654125,0.2258406728206954,0.1176094620280034,56.202,2.931,0.2274130495485712,0.269,0.041,77296197632.0
23.9034145,1.3812212,0.51226264,-0.0668751503488092,-0.0085302239950905,589.077,0.769,-0.024722098710538,-0.009,0.0785,5760393216.0
75.50993,2.6497176,7.975613,0.0349275046746683,0.0184467175409708,73.492,0.107,0.1057705386950219,-0.003,-0.817,12405261312.0
21.225433,2.7985673,1.082048,0.1494464944649446,0.0372169346898588,205.496,0.932,0.0588418430884184,0.093,-0.147,10949243904.0
15.5634985,1.2074568,2.5036793,0.078145564622269,0.009691029574982,74.726,1.241,0.1214461034976477,0.136,0.102,70874152960.0
25.343283,-10.990292,0.14762996,-0.265172735760971,0.0188825602269453,74.726,1.015,0.003756166593924,-0.038,0.1,32814596096.0
20.46106,1.6130061,0.35552067,0.0788976808358606,0.0176198689867781,311.168,2.31,0.0180586101015826,0.068,0.838,10028284928.0
12.064517,2.669903,0.99653417,0.2070903588413316,0.0390566076197076,309.246,0.257,0.0765756764317972,0.075,0.0785,25335883776.0
49.434425,3.762086,2.3173137,0.39798309779135,0.1498275539395235,89.232,1.253,0.2492217379702926,0.193,4.811,52107116544.0
13.910244,7.5243974,2.2629297,0.5536914473346672,0.1229661364568615,200.118,1.416,0.1665200820873644,-0.05,0.096,146658213888.0
29.49792,5.2025437,5.439039,0.1787316571642209,0.0982013326314978,37.37,1.777,0.1868115765050677,0.143,-0.065,22270146560.0
39.133755,4.3477335,1.0301794,0.11508738556652,0.0396997908378788,63.74,1.074,0.0270640534570973,0.162,0.026,36846428160.0
19.917294,8.957899,0.99734974,0.4581119564755387,0.0734276215391323,271.148,1.347,0.0513269869087133,0.033,-0.098,20943046656.0
39.998585,241.56544,0.18042186,2.336323300378674,0.0224900522963162,2689.426,0.917,0.0051337841625786,0.128,-0.161,54702616576.0
9.759113,1.1563016,0.20756665,0.125141991669822,0.0400873309479046,73.289,1.109,0.0202672455556168,0.023,6.337,30547376128.0
23.987343,2.3157768,2.8622413,0.0955372210763172,0.0232818497532443,196.803,1.083,0.1178988777045007,0.037,0.267,24738353152.0
11.468843,2.6342695,2.167773,0.2443329989969909,0.0904500222783306,42.756,3.081,0.205188679245283,-0.03,0.316,12867900416.0
578.8,1.7102757,1.4038639,0.0064142657105887,0.0029492537868548,79.277,1.411,0.0054822371122489,-0.011,0.0785,5685633536.0
24.054544,3.7096922,7.043622,0.1516435279706002,0.0123832170105638,121.987,1.241,0.3030704886259308,0.181,0.454,144147726336.0
9.589076,3.053757,0.8645104,0.3261050875729774,0.0338821490467937,493.104,0.314,0.0922755741127348,0.016,0.426,47621554176.0
14.307613,1.6151587,1.2421069,0.1159482136057458,0.0687364266865936,19.334,1.061,0.0913119008965224,0.086,0.515,242916360192.0
43.84071,19.157,5.8450456,0.4196664465445107,0.1666718453639541,132.72,1.522,0.1355957161543463,0.064,0.076,67143544832.0
13.577274,1.7194284,2.0102985,0.1448274784836225,0.0376072813407531,23.795,0.368,0.1655418675236565,0.026,-0.371,113010933760.0
42.282703,5.6504087,4.0383625,0.1342184920198128,0.0658891603156555,55.162,1.703,0.095839269047502,0.035,0.226,24662683648.0
27.69802,2.2399263,0.368285,0.0836887383325616,0.0220296251627844,77.521,0.843,0.0140516564095849,0.284,0.468,91010957312.0
9.315898,1.5192261,1.8693337,0.1644779332615716,0.0627928001972548,6.279,0.628,0.2021698862132839,-0.244,-0.658,21192636416.0
48.779068,18.437939,8.349645,0.3641002212042891,0.171406191224015,58.617,1.721,0.163765244307498,0.084,0.177,84694327296.0
24.688597,4.917016,4.133527,0.2270277405020128,0.0829495309975645,71.21,0.867,0.1918108655651172,0.094,-0.061,223937937408.0
10.767774,0.6560028,1.7725453,0.0664856250131063,0.0053898412415079,74.726,1.241,0.156396058651605,0.02,0.246,127302434816.0
11.885714,0.72018003,2.3027387,0.0681541032473691,0.0069372612299502,74.726,1.241,0.1936104695919938,-0.003,0.185,16386289664.0
37.485016,-413.12314,2.3652825,0.8536585365853658,0.0486871848374195,2555.372,0.943,0.0394755392640631,-0.153,1.056,16947249152.0
26.485916,3.5025144,15.1207285,0.1331148605537077,0.0256520695249805,12.65,1.017,0.575161906004796,0.105,0.115,94878031872.0
22.264265,2.7669342,2.9509497,0.1252810392205845,0.0279231625835189,189.643,0.792,0.1334664005322688,0.02,-0.161,22176387072.0
29.479673,12.551055,6.6317096,0.4277035725780496,0.1057295447990532,176.919,1.03,0.225898302203523,0.064,0.115,312094883840.0
15.991131,2.4777546,1.8074436,0.1554691837867851,0.112190724231193,10.432,2.093,0.1134981759221726,0.068,-0.012,35671707648.0
26.410255,355.1724,3.740485,13.62735849056604,0.1800448709958868,1564.706,0.923,0.1437241928262275,-0.001,0.034,75187486720.0
8.016908,1.4692991,1.0142329,0.1892473118279569,0.0608239328953349,122.184,0.677,0.1308645367773638,0.021,0.543,125492043776.0
36.64706,1.3550105,1.0135436,0.0411354912089474,0.0166424603231666,92.778,0.689,0.0288111261399563,-0.063,-0.531,11895860224.0
11.754162,1.8075849,2.055816,0.1426785604049632,0.0752972796872454,39.12,1.291,0.1688738697597954,-0.031,-0.247,116050804736.0
21.23855,1.7563323,2.6275995,0.0828704125307349,0.0257929197018225,126.714,1.036,0.1192973256423702,0.065,-0.079,40086659072.0
23.9034145,4.901705,3.3198888,0.1772947008652277,0.0672357220425273,161.15,0.921,0.1734023971571403,0.012,0.0785,33891749888.0
17.643206,5.184243,2.8989952,0.2847485948655628,0.0708347504062275,66.438,1.574,0.1590716225390359,-0.071,0.0785,68323516416.0
39.893723,2.0311384,4.203245,0.0485315585026102,0.0318549434844744,31.251,1.988,0.1007085280073933,0.036,0.271,16512448512.0
41.590603,7.2116838,13.285271,0.181156034992506,0.1617297304480761,1.434,7.888,0.3217080345343669,0.14,0.212,59868782592.0
75.655174,3.5067532,2.8659382,0.0473516750889013,0.0182440959076978,73.089,1.625,0.0385729531940844,0.169,0.0785,37595377664.0
23.041517,7.233971,5.6893287,0.3214721513530548,0.0558971023661985,257.164,0.996,0.2525408287498406,0.104,-0.011,22612742144.0
50.581966,1.7784885,2.4928348,0.0381268653579385,0.0222167789344764,13.229,1.454,0.0536432458008043,0.073,0.0785,42148851712.0
244.76471,4.5115476,12.827688,0.0183623485801284,0.014983579638752,14.928,8.963,0.0506907389810686,0.108,-0.382,35099119616.0
56.813046,16.92337,1.6388749,0.3118702904072475,0.1054975583909725,31.431,0.997,0.0289523016038325,0.09,0.026,432803905536.0
16.973333,1.4260907,3.7097414,0.0854290504496265,0.0518381502890173,28.957,2.923,0.2053865884939538,-0.035,-0.278,19453884416.0
23.9034145,31.29393,25.95892,0.0387712406953275,0.0134396646666225,23.77,1.766,0.0292342962244174,0.252,0.0785,102631809024.0
23.9034145,-329.24838,6.6793504,29.345864661654137,-0.1192265395894428,74.726,0.501,-0.5942448233861145,-0.015,0.0785,43869974528.0
16.75,4.343933,3.70133,0.2775555911054231,0.0811430174913478,162.012,0.883,0.2386519944979367,-0.07,-0.244,52862394368.0
10.361649,3.9324174,1.1873478,0.3841884918703144,0.1251109701965757,67.978,1.313,0.1157116884640197,-0.011,0.0785,40490934272.0
18.010927,1.0992529,0.22451031,0.0610640550555849,0.0182216693323855,109.494,0.811,0.0123763106577362,0.036,-0.178,83216089088.0
38.081398,2.7653468,5.903827,0.0786993117090204,0.0502824275876299,34.562,1.433,0.1633089005235602,-0.009,-0.09,140629164032.0
22.572073,10.654335,1.9942267,0.4582385730211817,0.0907533339221054,357.83,0.386,0.0902194907813871,0.062,0.055,23456692224.0
13.006524,92.79256,0.8711916,7.73056917818398,0.0541699440240093,576.988,1.26,0.0730629586713016,0.047,0.909,11164800000.0
520.63635,3.5762458,5.1498094,0.0071083532969406,0.0019853021827355,48.419,1.126,0.0102840909090909,0.164,-0.794,9063664640.0
17.962664,6.3830404,3.4108837,0.3604149624098681,0.2422401094024421,9.77,3.17,0.1771466846465161,0.171,0.19,16793793536.0
20.56264,5.6085343,2.634511,0.3109125941495884,0.0661572866194558,289.674,2.213,0.1405439645274951,-0.302,-0.488,126074527744.0
14.796238,-44.34007,0.68931943,-1.5213291423439603,0.0412536833645861,74.726,0.779,0.0383149561775515,0.072,0.269,65876193280.0
7.450355,1.7644342,0.44299942,0.2260511345059831,0.0458658387730191,151.356,0.378,0.0560809824310951,0.021,5.4,27437170688.0
6.9013157,1.4133022,1.3453294,0.1994343267108168,0.0948210830135458,62.949,1.036,0.1813676286072773,0.176,-0.461,20409993216.0
49.84507,13.151245,6.8815603,0.2740416627033197,0.0888580461099545,123.362,1.467,0.1428713116786511,0.076,-0.391,27753332736.0
8.767547,1.0499368,3.7915294,0.0884566461734153,0.0496047078404565,32.861,0.439,0.3028213734917899,0.661,-0.314,40042344448.0
95.496895,2.511475,9.700105,0.0292347307378381,0.0133048120538783,79.457,1.417,0.1084596706947726,0.045,14.865,52718415872.0
10.573041,2.4911628,3.5348778,0.2688203912270302,0.030716607965321,76.665,1.238,0.2532104969290898,0.393,0.308,47165874176.0
18.35812,2.7830188,0.50805354,0.2461467933814769,0.0539451897513511,235.555,1.189,0.0429362862629982,0.045,-0.522,20633227264.0
16.817806,4.392473,0.99389553,-0.1365221315174139,-0.0453333938747247,196.877,1.061,-0.0594955038704256,-0.421,0.0785,17471193088.0
24.249998,1.7307942,3.1444547,0.0808773132282385,0.0207391495386418,141.186,0.712,0.1468981257348364,-0.038,0.0785,45465669632.0
29.272345,-4.3229094,3.5559769,-0.1474323819224786,0.3363072124388245,74.726,0.561,0.1241220495595799,0.031,0.301,16735906816.0
645.58624,10.069381,7.33542,0.0157631680123029,0.009575710393149,6.863,1.664,0.0114717403469501,0.248,0.0785,78650376192.0
16.80396,3.3489215,3.0031545,0.387852682112558,0.2156120794681657,45.486,2.042,0.3482000627686176,0.013,3.939,23262162944.0
18.955414,1.2065191,0.48886362,0.0643042350907519,0.0194723618090452,98.997,1.613,0.0259752350805325,-0.02,0.0785,21003536384.0
9.555724,1.5990257,1.1014942,0.1879049334723934,0.1317405406004271,26.222,5.461,0.129245083067492,-0.151,-0.267,38899597312.0
20.233381,2.4257126,2.281915,0.1200102572869476,0.0287433976170003,198.573,0.706,0.1127077145380107,0.012,-0.302,28425814016.0
21.212652,1.9054986,3.1331112,0.0920391430838402,0.0242778102746011,166.689,0.669,0.1490265836545113,0.027,0.196,93786554368.0
37.316387,1.182378,2.2316966,0.0301070663811563,0.0191887760672562,31.846,1.326,0.0567576295817858,0.067,0.0785,27641792512.0
10.537158,1.6099281,0.994615,0.1566014881467382,0.0594885952803523,89.2,1.514,0.0964613088893626,0.017,0.079,9331477504.0
30.18086,6.0996704,4.5198784,0.2052141929900476,0.098850993981397,53.883,1.502,0.1525042205965109,0.046,0.043,112445530112.0
17.012657,6.1364255,3.0453367,0.3829003489724699,0.101988122902143,152.443,1.241,0.192064572595546,0.007,-0.003,31315197952.0
32.47561,10.216984,4.318442,0.2412158998778162,0.0943549611842164,103.915,1.257,0.1341939090551031,0.178,0.0785,67978317824.0
17.583082,1.6088015,1.2732767,0.1110632183908046,0.01806517954171,212.858,0.848,0.0878459003352463,0.075,-0.107,22408396800.0
31.567225,4.422794,7.9691024,0.4175268042886862,0.3197628549324795,6.956,1.241,0.7674602445077673,0.049,0.047,44007772160.0
37.293365,5.158615,5.1857557,0.1694396379608678,0.0948584202682563,30.747,1.376,0.1683417085427135,-0.032,0.037,38099746816.0
16.684435,2.2763784,0.5290332,0.1447416192666102,0.0511596471866471,70.397,1.431,0.0338216164244103,0.148,0.002,96878673920.0
29.59155,2.8910725,3.3753674,0.0909595119245701,0.0444785969353161,31.298,1.543,0.1125085753487308,0.014,3.199,59237699584.0
41.972477,7.4029126,4.217976,0.1232365284700413,0.0315902262256298,152.289,1.895,0.0771642451835298,0.352,0.0785,6002720256.0
34.681633,2.4199016,3.0811248,0.0703520599568758,0.0163788158030235,190.276,0.719,0.0893278616808083,0.006,-0.716,36602695680.0
10.085333,2.153963,2.6653967,0.2181527034854008,0.1356970287797228,19.734,2.097,0.2738899820343913,-0.064,-0.348,62578180096.0
20.156887,2.4762993,1.8927073,0.1252429247018153,0.095681630018737,4.496,2.955,0.0961376413406261,0.079,0.083,8948606976.0
80.03278,1.4147035,4.7387853,0.0111943472326036,0.0057889913082404,38.82,1.241,0.0441532980786612,0.922,0.719,29167071232.0
52.382896,6.413006,5.571269,0.1259355000104234,0.0513716686225487,97.097,0.853,0.1063350407491506,0.038,0.06,31943985152.0
96.14,5.8768244,9.149152,0.0602454169130691,0.0232293002707709,139.913,1.469,0.0931641518061271,0.069,0.0785,79936143360.0
25.481617,2.3850653,9.360231,0.0939324346933843,0.0497178770113106,72.742,0.12,0.3475816983814009,0.054,0.342,27894501376.0
35.60366,10.754638,5.631569,0.3020815616291392,0.2078207749460467,0.378,1.427,0.155424963313004,0.13,0.373,21372450816.0
23.989594,3.2110891,10.469686,0.1339201444235789,0.0573606720444601,115.698,0.257,0.4178883597734509,0.176,2.925,19082635264.0
23.9034145,5.060397,1.3901744,0.0733910425291682,0.0179914194768648,225.066,1.371,0.0249871860584315,-0.064,0.0785,21097285632.0
11.180044,1.1007704,0.88255864,0.0989478235802825,0.024369464510747,26.76,1.366,0.0804052471304755,0.196,0.0785,15151766528.0
17.96842,1.5774153,2.685904,0.0877448518332496,0.0270583388317364,142.309,0.502,0.1493851863253125,0.059,0.358,15705286656.0
25.784142,1.4267606,1.8053653,0.0539684895401654,0.0136195891404729,192.423,0.755,0.0682014978981681,0.103,0.0785,21485307904.0
18.910204,1.7295704,2.0310922,0.0913784777682849,0.0228234246270318,174.232,0.872,0.1068264721208963,0.019,0.033,46771990528.0
23.9034145,1.3775631,5.704128,-0.0406490179333902,-0.0255969025596902,33.163,0.639,-0.1691542288557214,0.759,0.0785,24293879808.0
17.826817,13.197949,1.4865967,0.7925497752087347,0.0551188136501697,235.584,0.721,0.090132203637426,0.103,1.394,20352995328.0
19.4021,6.8897443,1.4422197,0.3644033410525899,0.1703817764296161,25.561,1.771,0.0764182683577165,0.297,0.554,15288271872.0
35.200993,2.1561892,9.417047,0.061278283223523,0.029627121201018,88.633,1.335,0.2624214667803943,0.033,0.143,31433197568.0
13.855866,1.7931659,1.3796252,0.1277184732940217,0.0742709079883124,17.852,1.308,0.099278696642859,-0.02,-0.099,469856223232.0
26.682587,4.8176494,5.349473,0.1811152248146436,0.1009758767319602,8.478,1.475,0.2012620200843714,0.107,0.216,15460040704.0
30.40838,7.907909,7.2073865,0.2808560701923177,0.1324588660037878,80.856,1.469,0.2438095082467263,0.045,0.03,16247050240.0
89.00781,-41.59458,26.664484,-0.5326915825524396,0.2985131708543767,74.726,1.798,0.2985753927451462,0.152,0.279,47341060096.0
41.05,12.762319,6.1882296,0.3181705057655615,0.2449127288207748,13.435,4.277,0.1524781341107871,0.034,-0.0,47094284288.0
27.9269,2.716671,6.8437905,0.09801804386255,0.0346294914916636,133.197,0.685,0.2455050180797237,0.07,-0.015,8250956288.0
13.573946,1.9382117,0.58849984,0.157022695961134,0.0497776041008194,74.726,1.239,0.0493882065843339,0.139,-0.133,51679109120.0
56.246483,2.701688,4.177595,0.0923684545802013,0.0429197253137579,73.51,0.851,0.1431815937592574,0.034,0.234,42306502656.0
11.360317,1.305736,3.0198975,0.1320098123110274,0.0108675743329873,74.726,1.241,0.280382891069914,-0.022,0.014,23878328320.0
11.351081,1.8310407,3.4785593,0.1619594520993028,0.1065659460321249,9.01,2.45,0.3071695739403545,0.307,0.127,14631825408.0
24.870586,1.9574074,1.8365865,0.0785226816539542,0.0187917915609868,176.866,0.556,0.0725950118764845,0.01,0.486,24400887808.0
32.88104,3.685954,4.830453,0.1156716417910447,0.0405696071317508,92.502,1.06,0.1530602268283144,0.068,0.137,98811740160.0
6.890411,0.8893211,0.21624768,0.1311252369800379,0.0206138936029958,358.603,1.165,0.0317797526379519,0.049,0.0785,40004091904.0
44.566372,51.704315,13.00431,1.1682956219038694,0.1787546988149256,71.857,1.471,0.2930252862755633,0.173,0.671,77451067392.0
29.20339,2.308027,3.7588265,0.0817482284121469,0.0489477612378864,38.025,1.158,0.1336531981129047,0.023,-0.189,23424253952.0
10.519314,1.937626,1.4077017,0.1400970692551801,0.0683142180957582,68.766,2.498,0.1073676680972818,0.199,2.574,21370318848.0
9.815452,1.8079767,1.4187655,0.1400970692551801,0.0683142180957582,68.766,2.498,0.1073676680972818,0.199,2.574,21538279424.0
29.296875,0.7883451,1.1273346,0.0371599203715992,0.0143171772243527,24.264,5.36,0.0548242510025949,0.131,-0.423,9851212800.0
28.946156,3.075603,2.1244135,0.1074455377964848,0.0344406359393232,33.838,2.419,0.0742093891180514,-0.031,-0.292,54076944384.0
27.23803,4.88278,6.091367,0.1798374649195925,0.1465585424349051,2.074,3.539,0.2241476484551215,0.229,-0.201,38356746240.0
26.083021,23.788784,5.137558,0.9224128861090858,0.1468966993572452,213.366,1.057,0.20003714452427,0.081,0.932,32199186432.0
31.186415,10.935025,5.3052106,0.3389515044979836,0.053240214390125,106.4,1.075,0.1693969303911942,0.109,0.314,210516049920.0
15.456221,3.629281,1.5612092,0.2359696897939853,0.0602314968720722,108.368,1.036,0.1013115087433916,0.022,0.784,30712109056.0
51.79454,11.431425,2.7554915,0.1625811858369998,0.0301447023404875,10.474,1.039,0.04442536138543,0.106,0.0785,98390335488.0
24.568628,7.176403,3.9591138,0.2803823395539372,0.0390565559218868,396.606,0.351,0.161594963273872,0.04,0.173,15444502528.0
21.115028,2.7199943,1.5793601,0.1304008614917824,0.0636592148756853,55.765,1.967,0.0757142850491895,0.161,0.369,6784669184.0
18.86875,3.2762985,1.481915,0.1714182114852921,0.067680744452398,43.235,1.339,0.0792606253667533,0.139,0.271,72922071040.0
12.393406,3.3329391,1.5719177,0.2656890184852128,0.0793329498981566,149.142,0.667,0.1257276957476381,-0.05,-0.043,30879221760.0
7.359498,0.74327755,0.24167079,0.0952562151192288,0.0214754737079149,199.645,1.128,0.0320525815985744,0.11,0.0785,45299257344.0
19.2266,3.6518729,0.68950385,0.208436976285601,0.0468853306628919,136.683,1.15,0.0384933193094317,0.014,-0.213,16250920960.0
279.3421,6.842207,4.6021347,0.0248318675633729,0.008136282735825,141.962,1.597,0.0166933296237045,0.064,0.248,132329775104.0
11.698051,0.8043757,1.7532169,0.0704809986550683,0.0334902209424964,74.632,0.965,0.1553910025179365,0.034,0.625,17717823488.0
10.37856,1.9614422,1.7852759,0.2018203682202687,0.03682608799278,58.649,0.626,0.1853148517264158,0.036,0.047,10315447296.0
27.629402,36.812893,5.576719,1.35370611183355,0.1137649658790101,562.737,0.723,0.2048674888480713,0.084,-0.824,25503449088.0
12.656532,1.6073433,3.1953764,0.1312820135548955,0.0085180420675285,535.484,2.753,0.2667812827029451,0.063,0.219,169495543808.0
8.874476,1.7717818,0.8105075,0.2380544450790024,0.0977449486067143,82.371,1.98,0.1090045327754532,-0.067,-0.654,18282616832.0
11.520772,2.1279936,1.2812688,0.1930739154719791,0.0384468035147126,27.427,1.905,0.1179123711340206,0.074,0.153,34030499840.0
21.952726,7.276124,2.0455582,0.3331029716655148,0.0608173114836837,297.468,1.6,0.0932414460162011,-0.145,0.0785,8459406336.0
15.511585,-34.151245,1.1905468,-2.304921968787515,0.0967855762606489,8150.811,1.082,0.08158293556931,0.057,-0.05,84056170496.0
52.249996,1.5660645,4.86866,0.0289410799026243,0.0121947482364931,99.621,0.865,0.0900376196699141,0.261,-0.951,13147568128.0
21.714756,2.423433,0.64025646,0.1149425287356321,0.0381679389312977,59.396,1.421,0.03077408664089,0.058,4.688,8113970176.0
15.031165,7.0394063,2.9653213,0.4711351034455551,0.1715658336024461,115.545,0.957,0.1982848465528795,0.087,1.304,33218308096.0
14.725251,3.6242676,3.233807,0.246879457917261,0.1042898572558472,78.814,1.123,0.2147177419354838,0.065,0.307,40946462720.0
7.7788467,0.84248894,0.680642,0.103924887169568,0.0361903960034801,70.88,1.326,0.0856042752348391,0.163,0.534,21253726208.0
35.726387,-14.2321415,11.074953,-0.4118594043466595,0.0929064277932453,74.726,0.696,0.1373724718095579,0.045,2.57,52561727488.0
18.446203,2.7544656,3.2575872,0.1538986354775828,0.0862276103101791,53.221,3.485,0.1958911247301689,0.009,-0.155,13157394432.0
24.136915,53.838326,2.2409084,14.504789272030653,0.1978701162942636,950.075,1.105,0.0991884403513483,0.141,0.072,357456281600.0
23.073565,7.0058985,3.3541331,0.3064074332670927,0.0758683972551731,168.18,1.313,0.1481895163385111,0.069,0.028,129127415808.0
21.876812,2.0673835,1.3936284,0.1007125861020689,0.0599221614369742,35.547,2.452,0.0675322295984068,-0.003,-0.225,16601874432.0
14.070707,1.4734503,1.7198472,0.1054622484490845,0.0534181483752299,83.267,1.687,0.122624912033779,0.076,-0.2,9787650048.0
47.50534,12.029378,7.266743,0.2567237163814181,0.1098013119117786,76.219,2.17,0.1554508748317631,0.092,0.37,53991903232.0
9.111511,-22.31718,0.4431988,-2.0975056689342404,0.0695331880027061,74.726,0.723,0.0518120203887301,0.024,-0.048,23878666240.0
25.089136,5.926243,3.4292307,0.2379830492916806,0.1164528154990941,52.384,1.64,0.1381895709336413,-0.009,0.152,19301425152.0
26.809809,1.973212,0.27449837,0.0737099236641221,0.025968717055014,76.899,1.76,0.0102495732882703,0.104,0.0785,32325203968.0
11.192308,1.1491983,2.9833336,0.1092896174863388,0.0094990941585467,74.726,1.241,0.2626946513202437,0.097,0.308,21196584960.0
15.884036,1.8608745,0.7547794,0.1178739819974282,0.0453010460423358,74.132,1.079,0.047680970957954,-0.054,-0.544,8706379776.0
35.66563,7.7791724,3.388674,0.2205661551983008,0.0439074175323491,213.179,1.04,0.0959794750848565,0.01,-0.129,212649459712.0
26.173193,3.476078,4.0164,0.133080348907687,0.0748669443909092,55.03,2.529,0.1544909446891825,0.094,0.131,13128808448.0
41.367733,22.557676,9.169094,0.5565472104847137,0.2695862658014728,61.865,1.311,0.2278039996880054,0.058,0.134,35736580096.0
20.654436,21.46201,4.466921,1.051869722557298,0.2314993031127629,243.533,1.359,0.2193986664989307,-0.013,0.066,71015112704.0
393.13333,3.3086462,2.6907632,0.00946012736873,0.0059906449324635,1.75,1.973,0.0076900097306975,0.163,0.143,11412110336.0
35.55868,2.9977043,4.219697,0.0823853030749582,0.0465635376295128,48.61,2.289,0.1159087767795438,0.042,0.015,30529505280.0
44.797928,15.02781,8.792839,0.3452459557609772,0.1354730057971953,118.372,3.579,0.2019212203128016,0.172,-0.062,18215245824.0
23.9034145,0.9373637,1.7647328,-0.1889392565729827,-0.0954576685243148,48.277,1.327,-0.3532136871245362,-0.074,0.0785,93709074432.0
34.096233,3.3837144,10.090708,0.0996129778999529,0.0197521301316808,74.82,0.995,0.2341637615848992,0.055,0.863,93631676416.0
80.67368,1.4122764,1.7066815,0.0175122513692706,0.0084766456203997,69.161,1.845,0.0211598746081504,0.025,0.0785,19599529984.0
30.33758,2.0246546,1.3503804,0.068151229658632,0.0244298245614035,73.523,1.509,0.0299156775337021,-0.005,0.0785,25142734848.0
13.704918,2.459547,1.0172446,0.1815716016221625,0.0376245511792118,108.811,1.087,0.0644892767286773,-0.058,-0.24,9346036736.0
57.622307,9.582314,10.012414,0.1607181601215014,0.0922133698493713,74.726,1.272,0.181946576604237,0.41,-0.185,171883102208.0
74.39678,10.55679,20.889542,0.1413315321564833,0.1239169405437705,74.726,8.175,0.2780857508889979,0.192,0.272,182050275328.0
11.256,0.59750295,1.0380307,0.0734449352569814,0.0286868402637649,8.587,0.93,0.1277072688313829,0.127,0.0785,6297732096.0
45.770267,2.1265774,8.032201,0.046523314492387,0.024272401975707,84.073,2.882,0.1733207531896468,0.058,0.095,20807391232.0
20.117489,4.373621,1.7245793,0.2263062469095104,0.0510427896947841,238.734,0.838,0.0891269068484258,0.023,-0.048,26567143424.0
139.86885,-49.778297,4.092202,-0.3580761723796614,0.0096252013197546,74.726,0.548,0.0292940919938815,0.114,2.583,25166669824.0
24.1343,3.4114056,1.0933604,0.1422058261230214,0.0686799153540489,40.848,0.891,0.0472306085013539,-0.008,-0.041,13190950912.0
32.838203,11.787529,0.57142997,0.7990788716177317,0.0799953893147369,242.489,1.024,0.0480559498667036,-0.006,-0.855,15686325248.0
31.144403,6.3667893,5.5328164,0.2072424341769596,0.1305585503889408,10.412,1.166,0.172335179231457,0.052,0.063,12577768448.0
33.423496,3.5754368,1.2896794,0.1771840525494525,0.0685511231605055,60.421,1.255,0.0700893083444215,0.044,0.0785,14990808064.0
17.214443,5.216147,4.1794906,0.1967547908798433,0.078099320392662,52.922,1.241,0.1583634500850024,0.024,2.387,373358067712.0
37.7277,3.3387344,2.2896445,0.1059137781090818,0.0399344185501815,65.324,1.019,0.0742854653189264,0.042,0.152,53048770560.0
12.003926,2.0516949,4.02939,0.1800725574978134,0.0146074736422926,74.726,1.241,0.3295459028681895,0.048,0.142,679878983680.0
41.31395,2.4701056,2.340914,0.0601772501149617,0.0287669864108713,39.137,1.456,0.0567447177546515,0.029,0.251,11876860928.0
21.332472,7.566505,2.241237,0.3557615894039735,0.0859355003839262,164.657,0.806,0.1053415954192485,-0.016,12.887,28573528064.0
42.129627,4.503167,2.8243418,0.1065370293752585,0.0402328034061169,90.184,0.963,0.0666450986735684,-0.001,-0.104,43650199552.0
32.81905,1.9283714,3.045639,0.0594398383038402,0.0269698671158525,75.609,0.494,0.0938701061820076,0.053,0.0785,46753603584.0
23.9034145,1.0019541,3.7041426,-0.0102704771625414,-0.00086018977603,74.726,1.241,-0.0366492146596858,0.158,0.672,16535291904.0
41.082855,4.790445,4.9518723,0.1202742409402546,0.0662423130866328,38.944,2.953,0.1233179353283791,0.031,-0.01,24848494592.0
18.029972,39.88547,2.2235317,3.0297619047619047,0.1538136105403118,595.098,0.763,0.1268820420779738,-0.06,-0.11,43912527872.0
37.145454,1.3031831,6.814958,0.0385622151966585,0.0202258544307661,79.317,3.174,0.201660371504565,0.163,0.05,13882165248.0
23.163794,1.9509186,3.8523147,0.0855851429694408,0.0365930511014326,103.99,0.446,0.173046357615894,0.104,-0.04,59707023360.0
34.52744,4.2530417,3.9554176,0.1300651610075069,0.0085427659863625,82.822,0.788,0.1421536071978339,-0.238,0.035,104509251584.0
28.9794,25.569113,8.446144,0.8199605264095421,0.1789538464409327,169.411,2.362,0.2814743656575298,0.237,0.439,91614953472.0
13.115044,0.7201341,1.3685822,0.0557893666768323,0.0310804535209034,41.46,1.055,0.1061672986148727,-0.041,1.896,35372376064.0
19.441416,5.7829466,0.32051268,0.1863108049935428,0.0428472428472428,229.201,0.958,0.0144229167083225,-0.006,-0.882,47154786304.0
27.480307,2.1034663,1.9037439,0.0769703802398278,0.0357610533082545,66.296,1.077,0.0704337631887456,0.034,1.857,40597340160.0
25.88675,2.3675025,1.470145,0.0926454881895631,0.040589803580173,91.113,1.443,0.0573453558717493,0.098,0.0785,19124969472.0
19.749304,9.569443,5.3112197,0.4482455201468384,0.2042052570728153,47.148,2.452,0.2568046208263241,0.244,0.403,91011497984.0
20.62745,4.543884,1.1620849,0.4058060185703099,0.0984797068005972,261.312,1.354,0.1121745315109159,0.043,0.019,7422701568.0
20.452515,9.093393,2.309584,0.5013869625520111,0.0699699990322268,441.139,1.241,0.1279872543813064,-0.033,-0.256,25869649920.0
15.787418,4.3273773,1.1200835,0.2842248413417951,0.0956959706959706,121.39,1.212,0.0752610731004681,0.097,0.279,18662830080.0
7.972263,1.2676711,0.80070084,0.1411020434597823,0.0951892587429541,16.9,8.668,0.1109585747220514,0.044,-0.238,28633114624.0
23.353386,21.818144,3.4656844,0.949070806868972,0.2324154617201451,174.757,1.433,0.1510680920375189,0.024,-0.029,18599634944.0
73.54405,54.371994,17.139915,0.7461897816390809,0.1345361551624914,244.616,1.154,0.235110239839086,0.447,1.018,772028039168.0
32.980923,5.584779,6.4410887,0.1723458994014491,0.0819119867243939,57.255,0.89,0.198909256173307,-0.002,0.139,212588134400.0
48.437958,177.67068,1.3246593,5.172985576839833,0.04563865019863,425.218,0.993,0.0387070960079894,-0.024,0.0785,30673315840.0
14.167299,1.6044438,0.67110306,0.1146750872527837,0.0461384152457372,93.004,1.714,0.0480668756530825,-0.041,-0.089,9633684480.0
20.138481,16.275364,1.5230496,0.8425706616137691,0.0959418882715716,303.816,1.076,0.0751094407612291,0.045,0.139,109371711488.0
13.453979,1.0849437,1.0359733,0.0828547990155865,0.0172558973920896,52.127,0.506,0.082023319218052,0.068,-0.569,18139893760.0
18.14134,-8.737654,1.4853207,-0.5133554817275747,0.1848546476851298,74.726,1.085,0.0894451069150352,-0.003,0.129,124282716160.0
18.473722,7.5909467,3.0835674,0.3662949740328694,0.2185847287787645,36.443,2.164,0.1611545066064209,0.127,0.161,32649199616.0
14.311595,1.5399209,0.47461897,0.1091317605520783,0.0380462149611145,103.821,1.829,0.033745223562106,-0.044,0.0785,19128092672.0
11.31505,1.0338526,3.130028,0.0971726805091428,0.012436029888758,74.726,1.241,0.2803596576752248,0.056,0.099,27497297920.0
13.631317,2.4492922,0.30751544,0.1941391941391941,0.0436861193537751,117.351,1.174,0.0248084456734646,-0.091,-0.704,42847973376.0
29.930042,5.915092,10.065243,0.1974428585830945,0.1532408608016024,5.238,10.274,0.3355550197834528,0.026,-0.06,8224279552.0
28.328535,-21.847605,9.830708,-0.7937834224598931,0.0907111756168359,74.726,0.403,0.0946215139442231,0.029,-0.433,65059622912.0
26.86626,7.6698895,4.307583,0.304302203567681,0.071882579982649,157.128,1.136,0.1659988551803091,0.091,-0.011,107887722496.0
15.7224455,3.2930048,4.72165,0.2110441129800063,0.1097963676389653,63.716,2.502,0.3052325581395348,0.014,0.052,30860703744.0
16.475409,-50.083057,1.651279,-2.935714285714285,0.1638755980861244,74.726,1.745,0.1050076647930505,-0.065,-0.103,12719802368.0
38.550037,75.470055,17.331743,1.9851966075558984,0.2677564942492876,291.42,1.026,0.4570596797671033,0.144,0.223,488183201792.0
14.945545,-119.32807,2.172935,-8.659828146844909,0.1234447534367525,74.726,2.544,0.1584411904098813,-0.007,-0.267,7560451584.0
25.865517,3.7095098,2.9910665,0.149026649026649,0.0603276129851648,79.045,0.649,0.1172717402620581,0.002,-0.03,20119408640.0
27.738598,-59.563007,8.723768,-2.16622760800843,0.1490159834728716,74.726,1.191,0.3172453703703703,-0.003,-0.0,226120073216.0
31.564878,-28.126736,0.2503843,-1.5230847285641806,0.0445116616995092,74.726,0.884,0.0097167512000284,0.178,0.572,86278176768.0
25.701221,2.1904638,3.2566683,0.0732066754291631,0.0408530689812293,53.627,1.901,0.1135829934495118,0.025,0.019,108118130688.0
11.845697,4.3573647,3.1309772,0.3695938505387256,0.1461667207487234,82.528,1.365,0.2667528986410672,0.068,0.0785,200908554240.0
22.326216,7.3971562,8.181778,0.3414423145364849,0.2258978315836756,27.25,2.978,0.3790858414234564,0.206,0.514,1345910603776.0
12.771044,1.905025,0.72804314,0.1612679905265075,0.0065332559852507,233.412,1.543,0.063321744853141,-0.019,1.307,51677958144.0
26.549765,-177.48059,5.7856374,-6.8022696824020805,0.2664013167905298,74.726,1.022,0.2228976069121654,0.118,0.403,22404075520.0
13.091666,3.0590985,0.5204019,0.2469200236416237,0.0176776992276428,856.293,1.302,0.0433024594060106,-0.006,-0.438,8972012544.0
82.666664,4.2011414,5.327426,0.2864159331911442,0.1201333064536451,112.476,2.252,0.2497773236927591,-0.419,0.0785,25342031872.0
18.521532,1.77977,2.76226,0.0172387051029226,0.0112077907110752,30.891,3.134,0.0309824379753892,0.383,0.986,86522273792.0
31.259079,9.5131645,10.997549,0.3282813797829981,0.1720858398595759,33.998,1.351,0.3595597294408498,0.123,0.102,2879180242944.0
35.59375,3.13663,8.73174,0.0884493403474509,0.0446602201472033,81.742,0.059,0.2407756222572643,0.014,0.035,19131373568.0
23.9034145,0.9698665,3.2724364,-0.3266672782313549,-0.2518031395842172,6.853,3.671,-1.1131603626133166,-0.656,0.0785,10589603840.0
13.402947,0.904426,0.62937295,0.0685568239002039,0.0405130452475232,34.78,2.057,0.0477719643071358,0.01,-0.326,6820451840.0
15.174564,3.931717,0.425096,0.2622330960854092,0.0754318618042226,87.378,1.626,0.0290036900369003,0.157,0.052,17165375488.0
10.906542,0.9056199,1.0175693,0.0857291252940637,0.0430627333172193,47.234,0.935,0.0965339296465124,-0.02,1.923,11831278592.0
19.157894,3.2059498,2.329348,0.1712089707411258,0.0673168167948961,68.788,0.677,0.1265333004033917,0.031,0.866,84883775488.0
15.880504,8.828806,12.59489,0.5679695921535193,0.4939596588092605,0.502,5.313,0.8095238095238095,0.369,14.089,27798179840.0
39.322147,9.568839,7.609716,0.2532929554571062,0.1954956083548201,7.295,3.318,0.2014021897820935,0.047,-0.211,57017384960.0
37.92752,21.373074,10.943205,0.5772791023842917,0.1327313769751693,184.966,1.565,0.2903498871331828,0.077,0.098,79075598336.0
13.5363,1.9599864,2.9045045,0.1413028566604404,0.0110199321685728,397.03,1.241,0.2323805557001787,0.163,0.287,185769197568.0
52.6,0.79850954,0.8251039,0.0152320072458719,0.0076295585412667,38.312,1.078,0.0157244578703204,-0.106,-0.522,9177464832.0
46.285408,42.007458,6.6084833,0.9260129183793306,0.1080507022953066,381.094,1.282,0.1457890357770176,0.057,0.025,71483965440.0
36.442307,-42.956604,14.049785,-1.1799271699803298,0.2036801807898316,74.726,0.843,0.3883327357877518,0.097,0.152,41053319168.0
38.725388,3.8405013,5.8089643,0.0998123492091859,0.0367494653725941,88.598,0.985,0.1509459459459459,0.233,0.7,42986336256.0
16.327778,17.990206,2.795983,0.8603839441535777,0.0997269141296652,226.131,0.932,0.1573069559668155,0.022,-0.027,18196258816.0
51.739147,19.432201,11.619553,0.3520766023750739,0.1624383786695203,72.513,1.204,0.2233696211524606,0.125,0.252,466796085248.0
19.475525,2.007135,3.192251,0.1118684843624699,0.0594154288452323,25.408,1.979,0.1792099346964993,0.245,10.39,62788382720.0
35.786667,1.8703833,1.5593797,0.0327586206896551,0.0159434188444018,32.388,1.73,0.0263758056519583,0.048,0.383,15988319232.0
41.333332,2.1602788,1.5584599,0.0327586206896551,0.0159434188444018,32.388,1.73,0.0263758056519583,0.048,0.383,15978888192.0
24.850185,2.7452521,5.40531,0.138639947306441,0.0365302086839448,148.557,0.553,0.2806124510160384,0.09,-0.636,136586780672.0
19.428572,6.166825,1.8050921,0.395010395010395,0.1495670427709262,85.065,2.193,0.110976986877458,-0.093,-0.302,86315892736.0
24.493828,2.1467216,3.4231465,0.0875613182561433,0.0239209012177512,131.114,0.506,0.1393924950963318,0.117,-0.053,18673606656.0
24.133759,3.7481453,4.034927,0.1593633704750575,0.0778681298977531,79.788,2.533,0.1737166258786038,-0.028,-0.132,10781921280.0
15.473038,3.5217352,4.2340984,0.1832797427652733,0.0600247241426674,118.634,0.783,0.2162830982430091,-0.004,13.398,51283398656.0
8.627451,1.4987592,2.095744,0.1706304868316041,0.0130610307867613,74.726,1.241,0.2449942101707999,0.171,0.983,17975404544.0
18.281485,4.452425,1.651029,0.2729888816219751,0.084564111914747,120.969,0.95,0.1017230034362586,-0.066,-0.475,66648739840.0
9.074074,5.291577,0.8019964,0.6385801146173214,0.0455816532264626,976.294,0.175,0.0960222058807861,0.062,0.0785,7602646528.0
21.26453,11.528683,0.7682583,0.6154266958424508,0.0468320706019482,443.664,1.017,0.0399928901528617,0.002,0.431,21611106304.0
13.62766,1.3225273,0.8648063,0.0998817384448605,0.0597230406599882,32.997,2.507,0.065953016203553,-0.082,-0.615,26578956288.0
36.20068,32.83863,19.900011,0.6924472986178976,0.4527750730282376,12.946,4.44,0.4884934834706674,0.779,0.836,2596891787264.0
14.730064,5.321515,1.9590102,0.3995010061585645,0.2635842599923397,25.939,5.367,0.1595216649084072,0.023,-0.185,21044844544.0
19.894144,5.3610106,3.8919635,0.2733311553958401,0.1029321304080377,116.945,2.358,0.1989852544791501,-0.091,-0.279,49093226496.0
33.20653,-57.080082,4.588188,-1.7408810316267205,0.1602471803424002,74.726,0.708,0.1428424454434183,0.04,0.016,77398892544.0
17.862831,1.4643258,1.4828804,0.1181199752628324,0.0357656972321376,78.608,0.953,0.1143498596819457,-0.057,0.0785,39629975552.0
29.812382,7.9689064,5.883515,0.2794318317820245,0.2159875587168652,1.416,1.318,0.203974506475706,-0.058,-0.112,33710157824.0
10.433061,3.4072456,0.94963765,0.3530702277333969,0.0499853143241044,129.051,1.006,0.0943712513783454,0.017,-0.088,14955843584.0
11.008264,1.9214308,2.3812995,0.1788004183529625,0.1116268506295334,41.331,5.058,0.2220747497281956,-0.146,-0.313,16865077248.0
16.688587,2.9531763,2.483749,0.1781521483916412,0.0473708033526354,145.904,0.898,0.1398746428242234,0.337,0.336,53892386816.0
32.27934,23.03736,6.912673,1.2025505514705883,0.0742466802860061,632.501,1.017,0.1976359962991635,0.064,0.2,385609629696.0
24.277487,-7.1724668,2.588587,-0.3393151815181518,0.1453693884764934,74.726,0.942,0.1153495547296823,-0.025,-0.291,36690632704.0
11.731646,2.7760973,1.4452016,0.2377348359789568,0.0958568733892383,91.445,2.039,0.1236342896523862,-0.129,-0.386,48650977280.0
19.718914,3.820737,1.986042,0.182811080835604,0.0911447719965584,62.931,1.241,0.0960361671418176,0.082,0.387,16970331136.0
567.2632,50.38803,88.21576,0.0923774927422538,0.0728904676382662,4.696,5.958,0.1612943189460015,0.36,-0.219,252782886912.0
99.45763,18.234928,13.599682,0.498597597539509,0.1289386670935275,15.221,0.839,0.3210962317035191,0.143,-0.844,116556070912.0
23.9034145,0.4699449,0.27884108,-0.3792892156862745,-0.1340639348522914,94.345,1.302,-0.2118919659055899,0.045,0.0785,8145784320.0
24.641207,5.85797,3.8602178,0.2356048373869654,0.0970793343755488,68.875,1.06,0.1427130571472411,-0.016,0.386,76848242688.0
29.98129,12.617903,9.549252,0.4447250723493817,0.1628030164401768,20.981,1.393,0.3202546274368641,0.048,0.036,51943149568.0
25.320627,7.8200955,6.785143,0.3185481312266007,0.0856669909042816,5.292,1.102,0.2665675446049277,0.136,0.418,12777781248.0
16.233082,3.1501384,1.9909384,0.2031150511828378,0.0508142284741027,58.074,1.263,0.1304211089096455,0.042,-0.152,63305871360.0
23.302326,4.0833144,3.6400995,0.1755311684302113,0.0970138835026758,53.77,1.892,0.1531791907514451,-0.007,0.164,14837045248.0
19.441092,10.290516,2.0200748,0.5309018347098277,0.0962932429851106,262.787,0.819,0.1042741742330219,-0.002,0.18,185551945728.0
16.156029,1.463634,2.030516,0.0910513247848712,0.0376342574368779,76.181,1.171,0.1262200009429959,0.219,0.0785,129195638784.0
15.121739,1.3352273,1.5650786,0.0879243962198109,0.0187939548107137,191.911,1.054,0.1028707154265121,-0.058,-0.303,38217654272.0
26.782679,-24.274908,6.8960624,-0.6005957446808511,0.1142205101644438,74.726,0.79,0.1863086752204446,0.058,0.247,264712257536.0
20.938,1.5599297,0.29796496,0.0772402218330414,0.0291670111046816,75.245,1.187,0.0147883732789393,-0.12,-0.999,42654580736.0
18.030537,1.6659319,2.1977794,0.0901359146773075,0.0233234339970179,161.114,0.594,0.1187933848658953,0.105,0.0785,11263433728.0
11.289753,1.1215485,3.009549,0.1082039503904455,0.0105153578864291,74.726,1.241,0.2830025469748666,0.049,0.134,63227613184.0
25.571302,8.54496,2.0503373,0.3410576655031744,0.1289493091826337,99.879,2.048,0.0817791081939531,-0.016,-0.261,10889244672.0
18.204546,3.5287538,1.4916319,0.1644804716285924,0.057428086245047,92.086,1.308,0.0704323130325023,-0.143,0.0785,23634907136.0
30.208332,1.9004929,3.1659932,0.063081622504795,0.021622148092235,120.516,0.864,0.1049397305601512,0.089,0.598,26790635520.0
11.227545,1.5304248,1.0462062,0.1417051522586231,0.005008550561812,40.609,1.443,0.0974100460698053,0.766,0.0785,16872899584.0
25.402864,7.42518,4.434993,0.3006587455544778,0.1215902590504208,67.428,0.759,0.1770487511750496,0.021,0.341,374073917440.0
17.869946,5.3689795,1.9802306,0.3313664960337619,0.0801929169227859,23.81,0.317,0.1125519291772294,0.184,0.109,155463942144.0
25.77556,1.8482556,10.970413,0.0692490181803875,0.0391448411520161,55.552,0.208,0.4549881059938231,0.088,-0.015,95812345856.0
13.8706665,1.3233854,0.5236992,0.0978401262916188,0.0037072433308364,127.448,1.146,0.0386014579941963,-0.17,0.0785,36871041024.0
23.084745,2.5255742,3.9594173,0.1266076021720491,0.0324304538799414,142.038,0.651,0.1722060252672497,-0.054,-0.48,40742404096.0
46.658463,5.644309,7.8871107,0.1170772878778545,0.0589536342049601,53.25,0.695,0.1637318183558468,0.027,0.236,18245931008.0
27.637817,9.609774,10.929159,0.3863813601073806,0.1048857465178066,95.306,0.761,0.4412650012266761,0.014,0.453,51535761408.0
7.263418,1.6769385,1.1522309,0.2543533374624772,0.1775687677838035,17.795,6.99,0.1717986621682235,-0.014,-0.171,20613916672.0
46.786068,5.6934133,1.7669327,0.1236481636179302,0.0484280204115908,61.107,1.302,0.038222102628777,0.133,0.436,41828237312.0
15.880259,6.05379,4.0007434,0.3860089822638349,0.1838851216593538,54.23,2.619,0.2603049124788255,0.175,0.15,162814263296.0
22.233881,2.8427567,1.9387251,0.1285039834759516,0.0539218720980622,93.284,1.44,0.0882293354943273,0.121,0.128,19693570048.0
20.068367,5.358142,1.9565712,0.2637636207811288,0.097885681398237,105.691,1.755,0.097460566396236,0.108,0.112,13597387776.0
13.404297,2.4067612,2.0645926,0.1783681214421252,0.0249180643917486,39.609,1.241,0.1636205395996518,0.103,0.063,28125945856.0
35.663742,2.6488154,1.9934893,0.0793603298091628,0.0293133408243839,67.798,1.006,0.0591295300849661,0.052,-0.109,162945810432.0
58.316326,1.3117727,9.654334,0.0221615768474842,0.0125048523616003,68.313,1.326,0.1632989587455621,0.245,-0.244,50964602880.0
33.86256,1.9885888,8.679898,0.0616062479593472,0.0323103018158304,67.446,0.571,0.2753881961945217,0.036,-0.038,13048413184.0
15.647273,2.1923776,4.616868,0.1503256840728224,0.1168609670704513,10.012,4.731,0.3107027179270525,0.103,-0.208,65568763904.0
9.922706,1.0981609,2.7721753,0.1171121009651076,0.012034176297822,74.726,1.241,0.2672596357475646,0.156,0.0785,18465460224.0
37.097073,6.5864196,4.6924925,0.1791319596668128,0.0630516634775631,113.588,0.583,0.1274326347305389,0.056,0.168,75230035968.0
26.46861,6.245867,6.9053273,0.2098976098689917,0.1485582753258908,15.142,3.411,0.2179052896753396,0.079,0.216,34675302400.0
41.36087,1.496955,4.14863,0.0352666549626353,0.021818477305346,43.379,3.598,0.0981424494723461,0.048,0.219,11429583872.0
30.951433,8.302378,3.4724414,0.2722751050510247,0.0848015954273911,113.245,1.078,0.1152561651460516,-0.083,-0.134,28103161856.0
56.030304,19.817793,7.770208,0.3505046246297703,0.1654005131760704,67.198,0.873,0.1376273789302589,0.099,0.144,26907166720.0
39.055126,3.1827798,8.537771,0.0821143123661727,0.0494435880988169,41.468,0.403,0.2200960336401863,0.163,0.185,60099084288.0
22.140821,8.351537,2.1777303,0.3848069293658441,0.1310843155111614,103.144,1.617,0.0919922180664899,-0.018,-0.018,46013739008.0
19.315357,7.5129776,3.4808915,0.3804046013486711,0.0776099271648233,269.166,0.174,0.1745222929936305,0.129,0.899,57382498304.0
38.90542,4.467321,10.38811,0.1161675563195512,0.0639643978014314,32.105,0.854,0.2711148648648648,0.14,0.558,147594264576.0
41.6195,4.1626697,6.712672,0.0693424538108171,0.0414333370065015,19.731,1.062,0.118656224000918,0.076,0.195,254376706048.0
32.10951,-4.690677,8.983675,-0.1466820145371626,0.0656489394723953,74.726,0.895,0.2797158119355106,0.028,0.595,24072960000.0
11.231512,2.3156989,1.3089341,0.2111216280170373,0.0911617451721671,58.161,1.45,0.1229298134420898,0.033,0.001,47499907072.0
15.098182,-16.291937,2.1879466,-0.2246814218645204,0.0432872464142654,74.726,1.233,0.0511372309571057,0.495,0.0785,17580150784.0
16.859728,1.5984213,3.684532,0.0943526851943428,0.029764442826686,98.735,0.546,0.2170648464163822,0.076,-0.102,48580554752.0
137.41875,19.159964,16.940088,0.1482984701842023,0.0699112005102291,23.661,1.123,0.129734158776402,0.186,0.317,194285862912.0
31.760685,20.626617,3.641579,0.661877962085308,0.1134619127814967,298.741,0.793,0.1160854600948113,0.009,0.357,84115005440.0
21.485558,17.56635,9.873254,0.8172271174125268,0.0731629515321861,688.571,0.454,0.3975480054824123,0.036,-0.111,58882088960.0
18.923077,1.5440621,2.3349476,0.0940552653589407,0.0719519998068402,18.639,5.942,0.1426519865964576,-0.111,-0.306,9444862976.0
23.9034145,1.7823964,1.4009312,0.0966999831034975,0.0366977907338078,115.621,0.601,0.0909680022497462,-0.019,0.0785,12311383040.0
51.768295,1.2676561,1.0496888,0.0183755760368663,0.007289928928906,84.051,1.371,0.0151120375195414,1.634,0.56,22157881344.0
16.26911,2.9431152,3.2051017,0.1935262601731521,0.1321927869516766,23.477,4.142,0.2217572332922632,-0.03,-0.081,16248904704.0
24.46739,3.9433577,1.415422,0.1618790131801284,0.0331327384657951,276.546,1.202,0.058032469105888,0.019,-0.886,11682892800.0
22.81955,3.00773,3.748402,0.132528306432185,0.0303140928502548,180.719,0.669,0.164683430624158,0.049,-0.385,100172300288.0
29.730337,1.6500374,0.5505679,0.044927536231884,0.0137777777777777,85.371,0.772,0.016919550267438,0.016,0.0785,15185763328.0
32.761906,1.0962008,0.62275016,0.033750387045723,0.0134697856642668,75.629,1.297,0.0191530486733438,-0.004,0.0785,9568992256.0
27.051615,-12.748556,2.635201,-0.5048933399562352,0.1200058712223948,74.726,0.749,0.1039606149899657,-0.003,-0.235,95259090944.0
9.861486,1.141349,1.9317864,0.1193691692581075,0.0076067263050617,74.726,1.241,0.2079882343834662,0.052,0.489,25279356928.0
16.7385,2.1689456,1.1091044,0.1720488719469164,0.1029199879238576,47.5,2.743,0.0876339693701223,-0.069,-0.608,19093878784.0
36.39068,3.4659379,4.119589,0.0600173210344891,0.0341873968529687,36.087,2.13,0.0736059560577663,0.056,0.238,22239068160.0
46.587093,6.6736283,6.099084,0.1450518561597363,0.0696516255148821,68.431,1.949,0.132462934277495,0.107,-0.526,137808805888.0
15.569566,3.4069073,1.0207822,0.2127786907125186,0.1173066566036629,31.382,6.383,0.0768995061861329,0.549,0.0,21252556800.0
7.1123285,1.2862628,2.2694495,0.2278291444198463,0.0292894034136092,74.726,1.241,0.2169922480620155,-0.236,-0.398,19755558912.0
52.752403,7.2932415,11.176775,0.2517467490302759,0.1731265108259333,7.147,2.681,0.3693845190712722,-0.037,-0.347,67862716416.0
18.6,17.628191,0.440471,1.0510752688172045,0.078460488822892,674.815,1.204,0.0247957992998833,0.045,0.0,35488747520.0
27.168913,4.8604054,3.6610506,0.1836542977923907,0.0545052515201768,186.194,0.912,0.1392997542997543,0.068,0.533,298009493504.0
9.783607,1.9293519,2.8046553,0.2029984340866472,0.1558862826603325,2.95,5.171,0.2960555994135558,0.111,0.01,19895103488.0
23.9034145,6.889308,7.211062,-0.6605973993895446,-0.306477093206951,71.971,0.829,-0.6999027964707641,-0.005,0.0785,39303892992.0
19.854652,10.572756,2.0865247,0.2816804169974801,0.0609123414674201,307.265,1.583,0.1223168245592996,0.053,-0.007,14139125760.0
30.836239,14.867703,2.3509777,0.506094738466286,0.0577106637166195,323.439,0.724,0.0800903458169276,0.039,0.168,38512541696.0
10.757337,2.9605813,0.40745592,0.3080702799285288,0.0747525110195823,135.518,0.935,0.0385245596395188,-0.031,-0.19,43420946432.0
31.2,3.5288043,2.6718845,0.2584378794010522,0.1397129605320731,45.952,1.513,0.2015146733985484,0.044,-0.977,42819620864.0
26.251001,2.1880524,3.7270951,0.08578549437661,0.0576881095736065,29.853,2.185,0.1444797178130511,0.074,0.072,21504593920.0
23.283134,4.434119,4.408837,0.1923786593381179,0.1462426059275533,2.718,2.908,0.1923386810786274,0.123,0.249,12432391168.0
147.44887,11.193496,8.732098,0.0977877744709448,0.0584091095273203,17.407,1.996,0.0729859760466782,-0.092,-0.707,835871375360.0
30.70644,8.983267,9.192162,0.2839140980890966,0.1351488355064913,78.313,5.258,0.3068218144619909,0.111,0.067,147525009408.0
67.56651,27.096231,43.499386,0.4008600707306627,0.3637441707664941,0.11,10.811,0.6431640793796745,0.115,0.048,30702866432.0
15.652073,1.7256007,0.9004171,0.1143808995002776,0.0489369283762917,54.956,1.754,0.0601372062472631,0.048,0.0785,12337514496.0
25.024048,3.2675724,3.7545042,0.1277604114147423,0.0650938646335323,69.09,1.775,0.1477413185941836,0.002,0.15,161060732928.0
29.764706,16.871166,2.5073304,0.6127088468912627,0.1504017211819679,152.246,1.18,0.0825202427282955,-0.004,0.013,141313146880.0
7764.0,3.0821755,4.5157394,0.0022996693003192,0.0007407911346954,34.815,1.297,0.0033547988636189,0.046,0.0785,12663673856.0
24.019608,11.48617,1.7502339,0.4850563837743697,0.1123085701523178,238.926,1.427,0.0739919981084752,0.031,-0.039,26049134592.0
30.22379,10.325688,3.8784158,0.3443425322498458,0.1274600803109194,71.926,1.209,0.1294421872952183,0.102,0.21,76940787712.0
48.186687,-12.2595625,9.4060135,-0.2724960254372019,0.0669897600250136,74.726,2.695,0.2158690176322418,0.121,0.564,76724854784.0
14.175284,2.0930963,1.2551551,0.1794071202985931,0.0375331296128058,28.495,0.321,0.1076720944257775,0.052,-0.646,58998562816.0
23.9034145,3.1433842,3.01090545,0.149026649026649,0.0558971023661985,74.726,1.241,0.1265088314999519,0.048,0.0785,35235747840.0
23.9034145,0.8451144,4.304186,0.0833968012185834,0.0090704399295148,74.726,1.241,0.3628558517849073,0.028,0.077,49631567872.0
80.37879,6.4976425,10.439131,0.077624923932143,0.0507770730393637,18.222,0.94,0.1230356585709721,0.103,0.46,22868051968.0
20.75,1.1823816,0.40806213,0.0435019032082653,0.0215633423180593,52.644,2.109,0.0150068468738862,0.023,2.367,21877434368.0
9.913366,1.1724582,2.4640322,0.1216727834653274,0.0092862049952971,74.726,1.241,0.2304371684653375,0.042,0.326,62478000128.0
17.127193,7.6366477,3.7138436,0.4571852676500603,0.1923347123565685,50.881,1.067,0.224112056028014,0.204,3.84,163327410176.0
159.88461,4.045348,9.214913,0.0263484364172832,0.0082206279445741,134.709,0.341,0.0535846090719099,0.054,0.0785,15666983936.0
15.224063,7.128897,1.5480552,0.5663972012803774,0.2262138622126363,77.289,1.702,0.1151931914395461,-0.019,0.048,17486295040.0
19.409908,7.707856,5.3246627,0.3994671403197158,0.0996381894705752,192.202,0.765,0.2782268041237113,-0.006,0.078,129123065856.0
6.2829847,1.7924358,0.3905953,0.2484418145956607,0.0425063779814532,260.978,0.781,0.0551846205071587,0.054,0.0785,22551799808.0
14.654815,5.0531263,0.9205872,0.3458547673166646,0.0825174825174825,153.21,1.175,0.063489623366641,0.015,0.07,83837870080.0
16.801453,4.7874575,2.7147691,0.298654604500116,0.0914320207364272,159.21,0.854,0.1678071032909742,0.067,-0.016,42293387264.0
17.765913,3.8632803,0.94172883,0.1554641801031751,0.0482938735005598,77.277,0.849,0.0359874886953567,0.098,0.0785,386162524160.0
10.350982,1.6960222,0.71678776,0.1713263629527256,0.0789299800570141,73.275,1.274,0.07215704385948,0.111,0.568,11345269760.0
13.212121,1.4561336,0.2875385,0.1130058746736292,0.0460568977270837,41.932,1.532,0.0213272149121118,-0.14,-0.746,35647299584.0
360.05264,2.7759295,6.124531,0.0075342111564034,0.0030989915341659,123.346,0.579,0.0164802226362263,0.109,0.0785,29942921216.0
27.467066,11.136198,4.3821087,0.4087340529931305,0.1300343428036216,135.306,1.917,0.1604082418640477,0.044,0.122,22756290560.0
31.613268,-12.256296,15.266302,-0.401297308340569,0.5586206896551724,74.726,0.434,0.5044946706048542,0.039,-0.23,23775739904.0
43.21439,404.26367,13.997898,9.565434565434565,0.2245175510586911,3091.238,0.736,0.3322691466842489,0.086,0.239,40337743872.0
10.192858,1.7919632,1.334055,0.1764059776091578,0.0455042876340941,164.366,0.612,0.1298780306852242,0.015,0.055,180486963200.0
23.9034145,7.711109,11.4885235,-0.032639430577223,-0.0237693714163989,10.661,2.692,-0.0486020997994573,0.157,-0.056,126604673024.0
23.9034145,0.5143479,0.65032464,-0.0340318209868262,-0.0152815963027307,76.767,1.647,-0.0430278235737111,-0.081,0.0785,9585330176.0
12.6796875,1.2920946,8.9110565,0.1009425933535572,0.059045020668325,65.488,21.185,0.6959385119784475,0.047,-0.19,34300481536.0
33.80765,17.552546,17.596542,0.5181073846638324,0.2088963189470009,53.815,1.121,0.5495462895952792,0.101,0.078,647587954688.0
17.747143,13.639658,2.45342,0.8594053005817712,0.0703997881916865,311.893,0.963,0.1543776126335346,0.312,0.0785,42257702912.0
36.05636,4.0598454,4.443496,0.1123223215825388,0.0533125204620925,72.441,1.829,0.1229356808714291,0.011,0.297,32960520192.0
16.647331,3.248223,1.9538351,0.2091830590447225,0.0432889639006501,36.389,1.241,0.128266640995541,0.089,-0.049,27215708160.0
26.334625,14.668884,2.8596156,0.5684931506849316,0.2162192773813569,85.957,2.489,0.111195246971109,0.059,0.228,49093881856.0
29.010956,3.0592778,3.0212703,0.1046477058765236,0.0564645492460699,41.406,1.338,0.1016655434677962,0.045,0.229,31723337728.0
23.9034145,1.3410333,0.06277269,-0.8267279341374689,-0.1065686044646272,428.707,0.611,-0.0584865025938316,0.041,0.0785,9538059264.0
39.76763,8.449264,1.1282699,0.1849608280368705,0.0614542846841707,63.58,0.823,0.0239321118611378,0.041,-0.023,768334888960.0
29.224028,1.5982741,1.7590882,0.0493763406689441,0.0253390344462055,42.447,0.679,0.0544214708683136,0.048,0.346,162719170560.0
23.9034145,0.61283344,0.5347687,-0.3323148338572729,-0.1081771231828615,123.092,0.89,-0.2876579944558887,-0.025,0.0785,21027641344.0
33.40235,11.067485,4.1480517,0.3327678138633058,0.0616150963717548,302.157,0.763,0.124461768571817,0.13,0.214,91518459904.0
31.781717,11.06564,6.851781,0.3488277594780878,0.1400664720304713,93.135,2.113,0.2156019479533948,0.065,0.064,20270219264.0
22.548655,2.7913475,4.040975,0.1233077853973376,0.0322697790689818,159.108,0.601,0.1777229967790323,0.03,1.062,34751983616.0
12.510791,1.3963666,2.936838,0.1228693181818181,0.0102194735846661,74.726,1.241,0.239647127442403,-0.036,0.158,226882469888.0
92.92453,2.937259,12.046431,0.029780754963167,0.0186441943732492,51.489,2.22,0.1211772714180903,0.286,0.253,96264445952.0
31.431343,5.6762805,5.2620354,0.1836856429183909,0.1352308283471482,11.382,2.795,0.1702958661689478,0.023,-0.021,15224120320.0
11.609826,1.1536804,0.89558935,-0.0737659456461453,-0.0329915660658177,74.726,1.992,-0.0613704529723909,0.048,0.0785,13972089856.0
47.22222,1.9039798,2.5981402,0.0407365497376813,0.0239477503628447,53.842,1.789,0.0555867490174059,-0.037,-0.633,18509150208.0
17.204544,8.701149,2.4248412,0.4463458844351205,0.1800992424834286,62.888,1.441,0.1225396263436934,0.08,0.129,18699261952.0
32.752747,5.859628,6.7669797,0.1794210144343198,0.0408017310936697,182.473,0.501,0.2118442349804817,0.156,-0.574,72765333504.0
23.9034145,3.8597198,3.0730984,-0.0123425692695214,-0.0035403345254867,74.043,1.199,-0.0098690835850956,0.042,1.059,30515867648.0
120.852036,6.983608,7.4600306,0.1708735461519425,0.0839411621687332,37.215,1.901,0.1902465904394544,0.15,-0.922,63007420416.0
18.754025,-38.866127,1.2150885,-2.235348700264542,0.0386099112780642,74.726,1.898,0.0702975226716307,-0.001,-0.629,8661103616.0
20.43314,2.068022,3.0122619,0.0991701669910869,0.0276433211965445,155.056,0.67,0.144036902016219,-0.094,0.094,40487813120.0
31.673971,2.6396785,3.285865,0.083630896448036,0.0539622870308615,22.45,1.754,0.1039476757766876,0.065,0.211,28133576704.0
28.272032,-5.3837733,5.4448986,-0.1942991631799163,0.2209008473316485,74.726,1.474,0.1968472645383494,0.16,-0.066,41103540224.0
23.952896,3.505738,2.5061345,0.147239263803681,0.0662650602409638,65.867,1.432,0.1060028106805862,0.322,8.824,12483056640.0
22.911964,1.6208361,2.6151721,0.0724889919073475,0.0423022377406355,53.067,1.906,0.1177037480790769,0.043,-0.405,20080861184.0
27.893774,14.319294,7.3395734,0.5211740041928721,0.1746154386457821,143.166,1.754,0.2685825410544512,0.047,0.132,67935088640.0
